{
	"id": "a8017545-3958-2223-6dfb-4bd6f01c80f1",
	"name": "ForeignExchangeAndWeather",
	"description": null,
	"order": [
		"0170e203-0b8d-2b98-9ab9-57cb50b06108",
		"cdf3ae4f-207b-a6d4-9ddb-42a3da3f6ff2",
		"797e373e-d9a7-803e-0f17-824e54e0c003",
		"3ca61879-f954-849f-7f6c-7f315718bbc6",
		"d980406e-f361-0bc0-efbb-12125dea8c41",
		"8502c97b-d021-eb89-3dc2-9136a7920fa9",
		"07e6075f-e79d-b784-8725-d1f9ea6c6535",
		"d92c45da-b6d6-39d2-1af9-ed55966956a8"
	],
	"folders": [],
	"timestamp": 0,
	"owner": "2109488",
	"public": false,
	"requests": [
		{
			"id": "0170e203-0b8d-2b98-9ab9-57cb50b06108",
			"headers": "",
			"headerData": [],
			"url": "http://{{host}}:{{port}}/api/v1-{{env}}/{{basePath}}/FXToday",
			"queryParams": [],
			"pathVariables": {},
			"pathVariableData": [],
			"preRequestScript": null,
			"method": "GET",
			"collectionId": "a8017545-3958-2223-6dfb-4bd6f01c80f1",
			"data": null,
			"dataMode": "params",
			"name": "FXToday",
			"description": "",
			"descriptionFormat": "html",
			"time": 1501068032401,
			"version": 2,
			"responses": [],
			"tests": null,
			"currentHelper": "normal",
			"helperAttributes": {}
		},
		{
			"folder": null,
			"id": "07e6075f-e79d-b784-8725-d1f9ea6c6535",
			"name": "FX rates by currency code",
			"dataMode": "params",
			"data": null,
			"rawModeData": null,
			"descriptionFormat": "html",
			"description": "",
			"headers": "",
			"method": "GET",
			"pathVariables": {},
			"url": "http://api.fixer.io/latest?base=GBP",
			"preRequestScript": null,
			"tests": null,
			"currentHelper": "normal",
			"helperAttributes": {},
			"queryParams": [
				{
					"key": "base",
					"value": "GBP",
					"equals": true,
					"description": "",
					"enabled": true
				}
			],
			"headerData": [],
			"pathVariableData": [],
			"collectionId": "a8017545-3958-2223-6dfb-4bd6f01c80f1"
		},
		{
			"id": "3ca61879-f954-849f-7f6c-7f315718bbc6",
			"headers": "",
			"headerData": [],
			"url": "http://{{host}}:{{port}}/api/v1-{{env}}/{{basePath}}/WByCityName?cityName=London",
			"queryParams": [
				{
					"key": "cityName",
					"value": "London",
					"equals": true,
					"description": "",
					"enabled": true
				}
			],
			"pathVariables": {},
			"pathVariableData": [],
			"preRequestScript": null,
			"method": "GET",
			"collectionId": "a8017545-3958-2223-6dfb-4bd6f01c80f1",
			"data": null,
			"dataMode": "params",
			"name": "WByCityName",
			"description": "",
			"descriptionFormat": "html",
			"time": 1501068294977,
			"version": 2,
			"responses": [],
			"tests": null,
			"currentHelper": "normal",
			"helperAttributes": {}
		},
		{
			"id": "797e373e-d9a7-803e-0f17-824e54e0c003",
			"headers": "",
			"headerData": [],
			"url": "http://{{host}}:{{port}}/api/v1-{{env}}/{{basePath}}/FXByCurrencyCode?code=GBP",
			"queryParams": [
				{
					"key": "code",
					"value": "GBP",
					"equals": true,
					"description": "",
					"enabled": true
				}
			],
			"pathVariables": {},
			"pathVariableData": [],
			"preRequestScript": null,
			"method": "GET",
			"collectionId": "a8017545-3958-2223-6dfb-4bd6f01c80f1",
			"data": null,
			"dataMode": "params",
			"name": "FXByCurrencyCode",
			"description": "",
			"descriptionFormat": "html",
			"time": 1501068232456,
			"version": 2,
			"responses": [],
			"tests": null,
			"currentHelper": "normal",
			"helperAttributes": {}
		},
		{
			"folder": null,
			"id": "8502c97b-d021-eb89-3dc2-9136a7920fa9",
			"name": "Historical rates for any day since 1999",
			"dataMode": "params",
			"data": null,
			"rawModeData": null,
			"descriptionFormat": "html",
			"description": "",
			"headers": "",
			"method": "GET",
			"pathVariables": {},
			"url": "http://api.fixer.io/2000-01-03",
			"preRequestScript": null,
			"tests": null,
			"currentHelper": "normal",
			"helperAttributes": {},
			"queryParams": [],
			"headerData": [],
			"pathVariableData": [],
			"collectionId": "a8017545-3958-2223-6dfb-4bd6f01c80f1"
		},
		{
			"id": "cdf3ae4f-207b-a6d4-9ddb-42a3da3f6ff2",
			"headers": "",
			"headerData": [],
			"url": "http://{{host}}:{{port}}/api/v1-{{env}}/{{basePath}}/FXByDate?date=21-07-2017",
			"queryParams": [
				{
					"key": "date",
					"value": "21-07-2017",
					"equals": true,
					"description": "",
					"enabled": true
				}
			],
			"pathVariables": {},
			"pathVariableData": [],
			"preRequestScript": null,
			"method": "GET",
			"collectionId": "a8017545-3958-2223-6dfb-4bd6f01c80f1",
			"data": null,
			"dataMode": "params",
			"name": "FXByDate",
			"description": "",
			"descriptionFormat": "html",
			"time": 1501068135562,
			"version": 2,
			"responses": [],
			"tests": null,
			"currentHelper": "normal",
			"helperAttributes": {}
		},
		{
			"id": "d92c45da-b6d6-39d2-1af9-ed55966956a8",
			"headers": "",
			"headerData": [],
			"url": "http://api.openweathermap.org:80/data/2.5/weather?q=London&APPID=c03621b205bf508404040165bba47efc",
			"queryParams": [
				{
					"key": "q",
					"value": "London",
					"equals": true,
					"description": "",
					"enabled": true
				},
				{
					"key": "APPID",
					"value": "c03621b205bf508404040165bba47efc",
					"equals": true,
					"description": "",
					"enabled": true
				}
			],
			"preRequestScript": null,
			"pathVariables": {},
			"pathVariableData": [],
			"method": "GET",
			"data": null,
			"dataMode": "params",
			"version": 2,
			"tests": null,
			"currentHelper": "normal",
			"helperAttributes": {},
			"time": 1501066747640,
			"name": "WeatherByCity",
			"description": "",
			"collectionId": "a8017545-3958-2223-6dfb-4bd6f01c80f1",
			"responses": []
		},
		{
			"folder": null,
			"id": "d980406e-f361-0bc0-efbb-12125dea8c41",
			"name": "Foreign exchange rates with the base Euro",
			"dataMode": "params",
			"data": null,
			"rawModeData": null,
			"descriptionFormat": "html",
			"description": "",
			"headers": "",
			"method": "GET",
			"pathVariables": {},
			"url": "http://api.fixer.io/latest",
			"preRequestScript": null,
			"tests": null,
			"currentHelper": "normal",
			"helperAttributes": {},
			"queryParams": [],
			"headerData": [],
			"pathVariableData": [],
			"collectionId": "a8017545-3958-2223-6dfb-4bd6f01c80f1"
		}
	]
}