{
  "id": "98a35b2b-5db3-d723-8942-a4fd25a333ae",
  "name": "FXAndWeatherLocal",
  "values": [
    {
      "enabled": true,
      "key": "host",
      "value": "localhost",
      "type": "text"
    },
    {
      "enabled": true,
      "key": "version",
      "value": "v1",
      "type": "text"
    },
    {
      "enabled": true,
      "key": "env",
      "value": "local",
      "type": "text"
    },
    {
      "enabled": true,
      "key": "port",
      "value": "9000",
      "type": "text"
    },
    {
      "enabled": true,
      "key": "basePath",
      "value": "fxw",
      "type": "text"
    }
  ],
  "timestamp": 1501067866687,
  "_postman_variable_scope": "environment",
  "_postman_exported_at": "2017-07-26T11:26:17.964Z",
  "_postman_exported_using": "Postman/5.0.2"
}