<?xml version="1.0" encoding="UTF-8"?>
<mule xmlns="http://www.mulesoft.org/schema/mule/core" xmlns:apikit="http://www.mulesoft.org/schema/mule/apikit" xmlns:doc="http://www.mulesoft.org/schema/mule/documentation" xmlns:http="http://www.mulesoft.org/schema/mule/http" xmlns:spring="http://www.springframework.org/schema/beans" xmlns:xsi="http://www.w3.org/2001/XMLSchema-instance" xsi:schemaLocation="http://www.mulesoft.org/schema/mule/core http://www.mulesoft.org/schema/mule/core/current/mule.xsd
http://www.mulesoft.org/schema/mule/http http://www.mulesoft.org/schema/mule/http/current/mule-http.xsd
http://www.mulesoft.org/schema/mule/apikit http://www.mulesoft.org/schema/mule/apikit/current/mule-apikit.xsd
http://www.springframework.org/schema/beans http://www.springframework.org/schema/beans/spring-beans-3.1.xsd">
    <apikit:config name="api-fxAndWeather-config" raml="api-fxAndWeather.raml" consoleEnabled="false" doc:name="Router" />
    <flow name="api-fxAndWeather-main">
        <http:listener config-ref="api-httpListenerConfig" path="/api/${api.fxw.version}/fxw/*" doc:name="HTTP" />
        <apikit:router config-ref="api-fxAndWeather-config" doc:name="APIkit Router" />
        <exception-strategy ref="api-fxAndWeather-apiKitGlobalExceptionMapping" doc:name="Reference Exception Strategy" />
    </flow>
    
    <flow name="api-fxAndWeather-console">
        <http:listener config-ref="api-httpListenerConfig" path="/console/*" doc:name="HTTP" />
        <apikit:console config-ref="api-fxAndWeather-config" doc:name="APIkit Console" />
    </flow>
   
    <flow name="get:/FXToday:api-fxAndWeather-config">
        <flow-ref name="ratesToday" doc:name="ratesToday" />
    </flow>
    <flow name="get:/FXByCurrencyCode:api-fxAndWeather-config">
        <flow-ref name="ratesByCurrencyCode" doc:name="ratesByCurrencyCode" />
    </flow>
    <flow name="get:/FXByDate:api-fxAndWeather-config">
        <flow-ref name="ratesByDate" doc:name="ratesByDate" />
    </flow>
    <flow name="get:/WByCityName:api-fxAndWeather-config">
        <flow-ref name="byCityName" doc:name="byCityName"/>     
    </flow>
    
    <apikit:mapping-exception-strategy name="api-fxAndWeather-apiKitGlobalExceptionMapping">
        <apikit:mapping statusCode="404">
            <apikit:exception value="org.mule.module.apikit.exception.NotFoundException" />
            <set-property propertyName="Content-Type" value="application/json" doc:name="Property" />
            <set-payload value="{ &quot;message&quot;: &quot;Resource not found&quot; }" doc:name="Set Payload" />
        </apikit:mapping>
        <apikit:mapping statusCode="405">
            <apikit:exception value="org.mule.module.apikit.exception.MethodNotAllowedException" />
            <set-property propertyName="Content-Type" value="application/json" doc:name="Property" />
            <set-payload value="{ &quot;message&quot;: &quot;Method not allowed&quot; }" doc:name="Set Payload" />
        </apikit:mapping>
        <apikit:mapping statusCode="415">
            <apikit:exception value="org.mule.module.apikit.exception.UnsupportedMediaTypeException" />
            <set-property propertyName="Content-Type" value="application/json" doc:name="Property" />
            <set-payload value="{ &quot;message&quot;: &quot;Unsupported media type&quot; }" doc:name="Set Payload" />
        </apikit:mapping>
        <apikit:mapping statusCode="406">
            <apikit:exception value="org.mule.module.apikit.exception.NotAcceptableException" />
            <set-property propertyName="Content-Type" value="application/json" doc:name="Property" />
            <set-payload value="{ &quot;message&quot;: &quot;Not acceptable&quot; }" doc:name="Set Payload" />
        </apikit:mapping>
        <apikit:mapping statusCode="400">
            <apikit:exception value="org.mule.module.apikit.exception.BadRequestException" />
            <set-property propertyName="Content-Type" value="application/json" doc:name="Property" />
            <set-payload value="{ &quot;message&quot;: &quot;Bad request&quot; }" doc:name="Set Payload" />
        </apikit:mapping>
    </apikit:mapping-exception-strategy>
</mule>
