{
   "odata.metadata": "http://mchwtatmsdb/Across/CrossTank/api/v1/$metadata#Translations",
   "value": [
     {
       "SourceSentence": {
         "Id": 2750901,
         "Text": "ABCD",
         "Language": 1033
       },
       "TargetSentence": {
         "Id": 2750902,
         "Text": "Kühlschrank:",
         "Language": 1031
       },
       "Id": 2264817,
       "Similarity": 100,
       "CreationDate": "2009-02-25T12:56:15",
       "Creator": "41e8d49d-0de7-4a96-a220-af96d94fe4b0",
       "ModificationDate": "2009-02-25T12:56:15",
       "Modificator": "00000000-0000-0000-0000-000000000000",
       "State": "SmartInserted",
       "Note": ""
     },
     {
       "SourceSentence": {
         "Id": 2750906,
         "Text": "Refrigerator*",
         "Language": 1033
       },
       "TargetSentence": {
         "Id": 2750907,
         "Text": "Kühlschrank*",
         "Language": 1031
       },
       "Id": 2264822,
       "Similarity": 100,
       "CreationDate": "2009-02-25T12:55:46",
       "Creator": "41e8d49d-0de7-4a96-a220-af96d94fe4b0",
       "ModificationDate": "2009-02-25T12:55:46",
       "Modificator": "00000000-0000-0000-0000-000000000000",
       "State": "SmartInserted",
       "Note": ""
     }
   ]
 }